customer_id,customer_name,city,phone,signup_date
1,Mishti Chhabra,Chennai,7795368747,2024-12-13
2,Ira Sant,Pune,7918929135,2024-10-23
3,Indranil Sankaran,Mumbai,6844364896,2024-04-01
4,Shamik Sani,Mumbai,7497188261,2024-01-14
5,Amira Barad,Delhi,9560903904,2023-12-01
6,Ojas Kaur,Patna,8353311026,2024-07-29
7,Kartik Rajagopal,Hyderabad,9090078400,2023-04-26
8,Lakshit Mahal,Pune,8978145994,2024-03-22
9,Saksham Dasgupta,Hyderabad,8596994116,2023-07-09
10,Sara Dhingra,Delhi,8418900955,2023-01-18
11,Zara Ghose,Pune,7823486712,2024-09-09
12,Jayan Kohli,Pune,8861499967,2024-02-18
13,Indrajit Bansal,Chennai,8631585696,2023-05-29
14,Aarush Srinivasan,Patna,7475525774,2023-06-21
15,Farhan Singh,Bangalore,9297077793,2024-10-15
16,Shamik Dhar,Patna,8379843947,2024-07-17
17,Pari Das,Kolkata,7089425326,2023-07-24
18,Sana Bumb,Hyderabad,6522824728,2024-04-20
19,Lagan Srinivasan,Kolkata,6471310131,2023-09-03
20,Jivin Barad,Hyderabad,9893736485,2024-12-08
21,Seher Sura,Hyderabad,6113402942,2023-05-26
22,Mamooty Din,Chennai,6904645058,2024-06-17
23,Rania Gara,Chennai,6023760104,2024-11-21
24,Zoya Mani,Delhi,9657369544,2024-02-04
25,Adah Kapadia,Hyderabad,8684604449,2025-02-01
26,Seher Rastogi,Pune,8934324917,2023-08-22
27,Zoya Wadhwa,Patna,7585562462,2024-11-18
28,Sahil Goswami,Delhi,6235934849,2024-03-15
29,Aayush Loke,Mumbai,8677837023,2023-01-05
30,Tara Konda,Mumbai,8920412326,2024-10-07
31,Alisha Saran,Hyderabad,6244147357,2025-02-09
32,Seher Lata,Mumbai,7172523350,2023-06-10
33,Adira Sharaf,Delhi,7864319486,2024-04-10
34,Shlok Saran,Pune,6384264778,2023-04-17
35,Nirvaan Swaminathan,Patna,6822464827,2023-06-20
36,Zain Varma,Pune,6625181197,2023-11-25
37,Hansh Balay,Chennai,8057454156,2023-08-17
38,Yashvi Chawla,Chennai,7271270364,2023-12-02
39,Yashvi Sidhu,Delhi,7989426851,2024-07-30
40,Eva Savant,Mumbai,6156362002,2023-04-23
41,Raunak Boase,Chennai,8324847109,2024-07-22
42,Manjari Jani,Patna,7698150977,2024-11-28
43,Samaira Doshi,Chennai,9319026241,2025-04-18
44,Biju Tandon,Pune,7577857826,2024-10-18
45,Samiha Borde,Bangalore,7886930420,2023-05-20
46,Rania Wadhwa,Kolkata,6144194164,2024-03-05
47,Oorja Handa,Patna,9298721072,2023-02-22
48,Seher Kar,Pune,9014178199,2024-04-11
49,Vidur Ramaswamy,Kolkata,6722651797,2024-11-21
50,Hiran Seth,Hyderabad,6591892357,2025-04-02
51,Aarush Chauhan,Kolkata,6139393460,2023-08-06
52,Siya Gopal,Mumbai,9774827093,2024-05-28
53,Krish Chawla,Patna,8194920421,2024-11-07
54,Aarush Atwal,Mumbai,8452988836,2023-09-01
55,Diya Sagar,Chennai,8732754962,2024-12-11
56,Nakul Sem,Delhi,7392396082,2024-10-15
57,Kismat Butala,Pune,9946391630,2023-05-27
58,Hazel Ramanathan,Bangalore,8735285281,2023-01-26
59,Anay Som,Delhi,7917338235,2025-03-18
60,Lakshit Dada,Bangalore,7906555680,2024-09-26
61,Ira Choudhury,Chennai,7849867697,2024-04-01
62,Shanaya Chaudhary,Patna,8578022605,2024-05-09
63,Kimaya Shukla,Kolkata,7440900932,2023-07-21
64,Aradhya Dhingra,Kolkata,9418656228,2024-11-05
65,Kimaya Jha,Bangalore,6963845471,2024-04-19
66,Neysa Kunda,Bangalore,6020301694,2025-04-04
67,Fateh Date,Hyderabad,9479382860,2024-07-30
68,Yasmin Kala,Chennai,9852514533,2023-07-23
69,Chirag Gera,Kolkata,8624559453,2024-06-22
70,Tarini Kade,Chennai,8773666705,2024-10-10
71,Samaira Jain,Hyderabad,9786065588,2024-03-21
72,Charvi Chand,Delhi,7692345737,2023-06-08
73,Kabir Ghose,Hyderabad,7696870347,2023-01-22
74,Devansh Saha,Chennai,7956471370,2023-02-04
75,Aarush Chaudhari,Chennai,6225273710,2024-05-17
76,Abram Bahri,Pune,8288154923,2023-07-28
77,Manikya Rau,Hyderabad,7154889080,2023-11-25
78,Vanya Swamy,Patna,9705022586,2025-01-26
79,Nirvaan Sen,Pune,8886329087,2023-12-24
80,Ishaan Jain,Kolkata,8448428958,2024-08-13
81,Anay Seth,Pune,6990716526,2023-12-08
82,Dhanush Dhar,Pune,6017572641,2023-09-27
83,Vanya Sarkar,Pune,9877321193,2025-01-15
84,Anay Gala,Hyderabad,8030346026,2024-05-31
85,Neelofar Madan,Hyderabad,9191307101,2023-07-04
86,Veer Bala,Kolkata,6790672376,2024-09-17
87,Chirag Bandi,Kolkata,9727758067,2023-11-14
88,Pranay Saxena,Mumbai,6342210312,2025-01-12
89,Nakul Rama,Hyderabad,7834000568,2023-10-14
90,Ojas Jain,Mumbai,6090196316,2023-08-05
91,Aradhya Dube,Bangalore,9088252072,2025-02-28
92,Eva Devi,Delhi,9771869019,2024-11-10
93,Shamik Johal,Patna,7095714732,2023-07-23
94,Lavanya Vig,Pune,8554545776,2023-06-18
95,Armaan Choudhary,Delhi,7295427104,2025-03-19
96,Jiya Bumb,Kolkata,9258756802,2024-03-04
97,Saanvi Kannan,Delhi,7645157092,2024-11-02
98,Shamik Jayaraman,Chennai,6656612925,2025-04-29
99,Alia Rajan,Mumbai,8022010307,2023-04-06
100,Jayan Lata,Mumbai,7388895289,2023-08-01
101,Tushar Luthra,Delhi,7794078265,2023-01-12
102,Devansh Kibe,Kolkata,8150613061,2024-02-23
103,Nakul Dutta,Kolkata,9242309962,2025-04-24
104,Ishita Kapoor,Mumbai,6784941179,2024-12-29
105,Hridaan Kumer,Hyderabad,8286544279,2023-01-31
106,Shalv Dhaliwal,Patna,9446912275,2024-03-24
107,Samar Verma,Delhi,7824459958,2024-12-25
108,Saanvi Sekhon,Hyderabad,8835477124,2023-12-21
109,Hrishita Sastry,Mumbai,8905734215,2023-08-08
110,Rania Rana,Delhi,7694705944,2024-10-18
111,Rhea Thakkar,Hyderabad,7319913670,2024-11-07
112,Prerak Sibal,Kolkata,8911945053,2024-01-01
113,Nirvaan Bawa,Mumbai,9483997604,2025-02-01
114,Shayak Khare,Kolkata,9512380598,2024-08-10
115,Miraya Sharma,Chennai,9482265877,2023-04-03
116,Adira Majumdar,Mumbai,7547078436,2024-01-02
117,Vihaan Walia,Delhi,6199767457,2024-02-15
118,Ryan Dutta,Pune,6140796618,2023-09-18
119,Kabir Madan,Kolkata,7754070006,2023-04-05
120,Neelofar Krishnamurthy,Hyderabad,9536140709,2024-07-20
121,Prisha Kurian,Delhi,7827498305,2024-11-19
122,Hansh Samra,Bangalore,8758139879,2024-06-01
123,Heer Srivastava,Chennai,9393267627,2023-04-28
124,Akarsh Borah,Chennai,9743793605,2023-05-20
125,Manjari Kaul,Pune,7708178054,2023-04-17
126,Kismat D’Alia,Kolkata,7295570082,2024-05-24
127,Inaaya  Chatterjee,Bangalore,8452973968,2024-04-09
128,Miraan Ram,Mumbai,7643227295,2024-10-17
129,Zain Batta,Bangalore,8136879977,2023-08-01
130,Hunar Goel,Chennai,9112981758,2024-01-02
131,Farhan Lala,Bangalore,7231049584,2023-12-03
132,Jayan Yohannan,Chennai,9718098652,2025-02-06
133,Aniruddh Varkey,Delhi,7676529098,2023-04-29
134,Ahana  Behl,Delhi,8389301993,2024-04-20
135,Mehul Doctor,Bangalore,7086796001,2024-11-16
136,Hazel Dara,Chennai,8952266659,2023-10-05
137,Ivan Gara,Delhi,8758650925,2024-11-02
138,Urvi Baria,Mumbai,8356014288,2024-09-08
139,Ahana  Guha,Delhi,8996953626,2024-04-01
140,Miraan Yogi,Patna,9555510256,2024-07-30
141,Mamooty Sem,Hyderabad,9916177308,2024-05-24
142,Pari Bakshi,Delhi,9828736689,2023-06-01
143,Suhana Barman,Mumbai,8256406539,2023-08-23
144,Nitara Khosla,Hyderabad,8109411587,2023-07-24
145,Prerak Chander,Kolkata,6028633266,2024-01-17
146,Miraan Manda,Patna,8808264891,2024-11-12
147,Samar Brahmbhatt,Chennai,7042534105,2024-11-09
148,Nirvaan Gara,Patna,8884552187,2023-04-07
149,Ira Lanka,Delhi,9866896418,2023-07-02
150,Hansh Shanker,Bangalore,8380698462,2024-03-23
151,Kaira Bail,Delhi,8938460684,2023-03-10
152,Aradhya Bhatti,Delhi,9112125856,2023-08-04
153,Trisha Wali,Mumbai,8329590189,2024-08-29
154,Saira Thaman,Patna,8144770281,2024-01-28
155,Divit Tailor,Bangalore,9747002102,2023-09-06
156,Aayush Tiwari,Hyderabad,6013037650,2023-09-05
157,Nehmat Khurana,Bangalore,6055382551,2024-05-07
158,Gatik Bakshi,Bangalore,9779725590,2023-03-04
159,Anvi Bhardwaj,Hyderabad,6588816597,2024-06-06
160,Riya Sandhu,Mumbai,8942407088,2023-07-18
161,Renee Grover,Bangalore,6805936290,2024-08-19
162,Eva Venkatesh,Chennai,9618600242,2024-08-23
163,Dhanush Kala,Delhi,9427860335,2024-12-23
164,Navya Chander,Patna,7948521763,2024-02-21
165,Mohanlal Kari,Bangalore,6033338168,2024-09-06
166,Ayesha Sanghvi,Bangalore,6660615355,2023-02-06
167,Zeeshan Verma,Delhi,7822833753,2023-04-08
168,Uthkarsh Sha,Mumbai,9761287635,2023-08-23
169,Aarav De,Bangalore,8176201769,2024-12-01
170,Abram Garg,Delhi,8051197061,2024-06-11
171,Saira Kohli,Pune,6757980362,2023-04-19
172,Nishith Comar,Kolkata,6102018657,2024-02-25
173,Indrajit Vig,Kolkata,8190022685,2024-10-12
174,Saksham Banerjee,Patna,9894762130,2024-03-10
175,Anya Sethi,Mumbai,7031916913,2023-12-25
176,Biju Kapur,Chennai,6703452711,2023-02-11
177,Priyansh Ratta,Delhi,9668452996,2023-02-14
178,Indrans Gaba,Kolkata,7931743523,2024-12-10
179,Fateh Bawa,Patna,9307808164,2023-07-04
180,Arnav Chaudhari,Mumbai,7422042083,2024-11-13
181,Hazel Dhar,Kolkata,7983621685,2023-03-09
182,Dhanuk Sekhon,Hyderabad,8167638653,2023-09-18
183,Zain Chahal,Bangalore,6782018136,2023-01-20
184,Sana Dani,Delhi,7731348265,2023-02-16
185,Mishti Bhatnagar,Chennai,9483302495,2024-10-15
186,Zaina Mangat,Kolkata,6683622425,2023-10-29
187,Kavya Magar,Chennai,9828764832,2023-09-23
188,Biju Wali,Pune,8127468845,2025-01-17
189,Vivaan Malhotra,Chennai,6655813264,2024-04-02
190,Krish Konda,Kolkata,7690801096,2023-07-25
191,Jayesh Sule,Kolkata,6309327594,2023-12-15
192,Jivin Bhargava,Mumbai,6891658154,2025-01-08
193,Krish Krishnamurthy,Chennai,6535886591,2024-01-05
194,Manikya Andra,Patna,9033192715,2024-09-12
195,Rasha Bava,Delhi,9246951631,2023-05-16
196,Lakshit Mammen,Pune,9718385575,2023-03-28
197,Manikya Sharma,Kolkata,9302705706,2023-03-11
198,Himmat Datta,Chennai,7710689141,2025-02-20
199,Yakshit Sridhar,Hyderabad,7902380161,2025-01-18
200,Mohanlal Din,Pune,7110568335,2024-01-29
201,Hridaan Viswanathan,Kolkata,9900922722,2023-09-01
202,Aarush Ramaswamy,Delhi,9896347089,2023-09-14
203,Prerak Dugar,Kolkata,8241161579,2024-02-23
204,Yasmin Kakar,Hyderabad,7393159966,2024-06-16
205,Anvi Devi,Pune,6699571443,2024-04-20
206,Azad Ray,Kolkata,7506982930,2023-04-12
207,Yuvaan Comar,Chennai,8770243179,2024-03-19
208,Amira Bhatti,Chennai,6607899630,2025-03-18
209,Gokul Srinivas,Pune,9219186390,2024-04-13
210,Navya Verma,Hyderabad,7696500794,2025-04-11
211,Oorja Sachdev,Chennai,8180558099,2025-02-21
212,Yuvraj  Banik,Hyderabad,8733215693,2023-10-10
213,Renee Randhawa,Hyderabad,9758125047,2024-02-08
214,Saksham Rattan,Patna,6579511076,2023-04-25
215,Uthkarsh Kurian,Bangalore,6266243791,2023-08-09
216,Badal Sen,Mumbai,6788594290,2025-01-20
217,Elakshi Rout,Hyderabad,9289851924,2023-08-03
218,Krish Gour,Kolkata,6214610826,2023-04-01
219,Miraan Varty,Delhi,6800758437,2025-01-31
220,Prerak Kota,Mumbai,6333000419,2024-12-17
221,Vanya Arya,Pune,9412313488,2023-01-08
222,Badal Andra,Kolkata,7147606755,2024-07-31
223,Shray Bassi,Pune,7120253293,2023-03-09
224,Neelofar Wable,Delhi,7150206656,2023-06-15
225,Parinaaz Barman,Mumbai,8026808529,2025-03-22
226,Advik Sibal,Delhi,9930408447,2023-02-06
227,Ishaan Bhandari,Patna,7704080730,2025-02-07
228,Charvi Bhatti,Mumbai,9696939160,2024-06-11
229,Nakul Dora,Chennai,7239737157,2024-05-29
230,Kavya Sabharwal,Hyderabad,9589020246,2023-07-15
231,Ayesha Sidhu,Pune,7350870705,2024-11-05
232,Raghav Dalal,Mumbai,7200057276,2023-02-18
233,Rohan Saran,Patna,7959168048,2024-02-15
234,Mishti Comar,Mumbai,7557059982,2024-10-10
235,Mamooty Bhalla,Mumbai,9650166525,2023-05-19
236,Jayesh Shankar,Hyderabad,8978775267,2023-10-14
237,Ojas Mani,Kolkata,8872839616,2023-10-28
238,Biju Borah,Bangalore,8259824840,2023-04-25
239,Himmat Lata,Bangalore,9438991489,2023-02-09
240,Alisha Roy,Delhi,6868680467,2023-01-02
241,Veer Ahluwalia,Pune,8668066680,2023-11-08
242,Anay Jha,Bangalore,9838570508,2024-10-29
243,Nayantara Sahni,Mumbai,9259265134,2024-10-15
244,Jiya Khatri,Mumbai,9729128878,2024-01-22
245,Suhana Mane,Chennai,7945324331,2024-01-19
246,Zain Sen,Patna,9842378577,2023-09-26
247,Miraan Sama,Pune,6566860778,2024-08-05
248,Heer Hans,Mumbai,7120751144,2023-06-15
249,Stuvan Sastry,Pune,7224936421,2025-02-12
250,Adah Choudhry,Bangalore,8380371810,2024-01-07
251,Jivika Dayal,Mumbai,6808117265,2024-11-24
252,Indrans Konda,Kolkata,7990920139,2024-09-09
253,Farhan Ray,Delhi,8330912176,2024-04-13
254,Piya Dhillon,Chennai,8144686045,2023-02-14
255,Hazel Lal,Kolkata,6630718637,2024-02-29
256,Advika Jaggi,Pune,7155028424,2023-02-16
257,Saksham Ratta,Hyderabad,9142197670,2023-07-12
258,Aradhya Bhatnagar,Mumbai,9673301182,2025-01-02
259,Hazel Chaudhuri,Bangalore,9257609220,2024-06-19
260,Onkar Bobal,Kolkata,7006622200,2024-04-19
261,Nirvaan Lalla,Bangalore,7073529394,2025-03-11
262,Siya Gour,Pune,6413602584,2024-03-29
263,Sara Batta,Chennai,9167282111,2025-02-25
264,Oorja Buch,Delhi,6740588557,2025-01-16
265,Shaan Majumdar,Patna,8844635810,2024-05-13
266,Kaira Varkey,Pune,6154050070,2023-04-19
267,Shalv Dewan,Mumbai,9735759880,2024-07-18
268,Ryan Tak,Kolkata,8022656288,2023-06-29
269,Adah Bava,Hyderabad,6121873821,2024-11-20
270,Piya Solanki,Kolkata,7250466685,2024-04-10
271,Zain Gopal,Delhi,9702416129,2024-12-24
272,Rania Varty,Pune,8942350501,2023-02-09
273,Kartik Zachariah,Pune,8439183853,2024-12-19
274,Rohan Shetty,Pune,9527909253,2024-08-10
275,Manikya Chaudhry,Pune,9740813321,2023-08-05
276,Siya Bandi,Pune,6324814538,2023-03-03
277,Ivana Shankar,Kolkata,9135182737,2025-03-04
278,Badal Rege,Delhi,7899398722,2024-12-13
279,Rohan Walla,Pune,8843984898,2024-10-16
280,Kiara Jayaraman,Chennai,7646497521,2025-03-02
281,Pihu Vyas,Patna,7923462143,2023-06-25
282,Zoya Sibal,Chennai,6654336720,2023-01-06
283,Dhanush Dora,Patna,6091335101,2024-06-19
284,Ira Desai,Pune,6643569887,2024-10-07
285,Indranil Setty,Bangalore,8736089141,2023-06-11
286,Alisha Walia,Patna,6340397801,2023-05-06
287,Lavanya Krishnan,Pune,9664933194,2023-11-21
288,Aradhya Barman,Pune,6205230545,2024-01-13
289,Vanya Chopra,Bangalore,8639327404,2023-10-20
290,Vardaniya Saini,Kolkata,6886158279,2023-01-13
291,Mohanlal Handa,Bangalore,7773319634,2024-03-31
292,Emir Bir,Chennai,6000001169,2024-08-28
293,Zara Sha,Kolkata,7425704142,2025-01-02
294,Indrajit Saini,Patna,6201070088,2024-08-21
295,Ahana  Sinha,Kolkata,9589301724,2025-02-09
296,Ayesha Gokhale,Delhi,9734749723,2024-10-27
297,Nitara Luthra,Kolkata,6276253615,2025-02-26
298,Alisha Badal,Patna,6608417838,2023-04-23
299,Ela Sahni,Kolkata,8170108825,2024-04-30
300,Anahita Kunda,Bangalore,8831500717,2023-11-30
301,Renee Khanna,Hyderabad,7989059424,2023-08-04
302,Renee Sem,Chennai,8939544319,2023-03-18
303,Vanya Bali,Patna,7210754315,2023-04-02
304,Sahil Hari,Mumbai,7035549435,2025-03-23
305,Kimaya Arya,Chennai,7473331497,2024-04-01
306,Neysa Mand,Hyderabad,7881569137,2024-11-27
307,Nayantara Bains,Chennai,7427223954,2024-03-07
308,Aaina Kala,Chennai,6151086428,2023-03-05
309,Nakul Chakraborty,Pune,6193349224,2025-03-22
310,Tiya Srinivas,Patna,6421469383,2025-02-05
311,Damini Handa,Delhi,8372515925,2025-01-23
312,Amira Tara,Bangalore,7551299935,2023-05-09
313,Amira Master,Patna,6737229923,2023-06-28
314,Emir Agate,Pune,7341492243,2024-12-31
315,Suhana Saxena,Delhi,8399194661,2023-06-23
316,Prerak Randhawa,Patna,9796059241,2023-05-20
317,Ryan Rao,Chennai,7766761245,2024-03-26
318,Trisha Shenoy,Pune,8211832436,2023-10-06
319,Neysa Bhargava,Mumbai,7500147075,2023-03-24
320,Kiara Ganesh,Bangalore,7877793081,2025-04-25
321,Faiyaz Ganesan,Delhi,8700593318,2025-03-10
322,Samar Babu,Patna,7088194538,2023-02-18
323,Reyansh Basak,Patna,6461231778,2024-03-27
324,Ishita Shan,Hyderabad,7050643340,2023-07-13
325,Yasmin Suri,Mumbai,8190009619,2025-04-03
326,Vihaan Kumar,Mumbai,6622167219,2025-01-09
327,Hansh Goyal,Delhi,6180545511,2023-01-28
328,Inaaya  Kannan,Delhi,6040664805,2023-03-28
329,Tarini Borde,Hyderabad,7759344160,2023-06-15
330,Piya Shenoy,Pune,9077857428,2024-10-11
331,Ehsaan Soman,Chennai,7134205558,2023-04-23
332,Zoya Dugar,Hyderabad,6465120376,2023-01-22
333,Advik Baral,Kolkata,8999938893,2024-11-16
334,Jayesh Borah,Pune,6695978850,2024-07-17
335,Ryan Kohli,Hyderabad,8559830678,2024-12-01
336,Shlok Sandhu,Chennai,6963506229,2023-04-25
337,Amani Magar,Hyderabad,8878483955,2025-04-08
338,Alisha Ravi,Hyderabad,6133850353,2025-03-20
339,Ishita Sampath,Delhi,9755435687,2023-07-04
340,Rohan Suri,Mumbai,7325830497,2024-10-23
341,Jiya Dyal,Delhi,8017046914,2024-02-25
342,Faiyaz Sundaram,Delhi,9054014437,2023-08-20
343,Renee Dasgupta,Hyderabad,7866163120,2025-01-09
344,Shanaya Virk,Kolkata,7067952774,2024-02-18
345,Abram Divan,Bangalore,6420364023,2023-02-26
346,Zara Gera,Pune,9412968973,2023-09-19
347,Dhruv Balay,Chennai,8795634201,2024-12-20
348,Mishti Sami,Kolkata,8469717983,2024-10-20
349,Nitya Ravi,Pune,7817632445,2023-07-10
350,Sumer Dalal,Mumbai,9847735012,2023-12-31
351,Rania Varma,Patna,8756787383,2023-03-15
352,Shalv Jaggi,Kolkata,8275983269,2024-12-20
353,Raunak Shah,Bangalore,9445080524,2024-10-17
354,Inaaya  Sem,Delhi,7566113631,2024-10-24
355,Madhup Datta,Delhi,7106211363,2025-01-20
356,Advik Chander,Patna,6460877046,2025-03-31
357,Chirag Sarna,Hyderabad,6997659534,2023-02-23
358,Biju Ramaswamy,Pune,9724473632,2024-09-23
359,Jayant Wali,Pune,8773537337,2023-09-14
360,Raunak Kari,Hyderabad,6049394561,2024-04-21
361,Vivaan Raman,Patna,8692430651,2024-05-26
362,Kimaya Ratta,Delhi,8262164059,2023-09-04
363,Vaibhav Badal,Mumbai,9440615173,2025-03-20
364,Alisha Bhargava,Bangalore,6058324095,2024-11-24
365,Rania Chana,Patna,8095869618,2023-12-02
366,Dhruv Dalal,Pune,6338444141,2024-03-15
367,Reyansh Chaudhry,Patna,7411538731,2023-09-07
368,Shaan Mahal,Hyderabad,9093121980,2024-01-27
369,Abram Lanka,Bangalore,6243186937,2023-06-11
370,Divij Char,Bangalore,7101648658,2023-08-17
371,Arhaan Aurora,Kolkata,6735856447,2024-07-11
372,Ivan Sethi,Patna,8279657381,2024-06-10
373,Ayesha Dugal,Kolkata,6421099539,2023-01-24
374,Ryan Yogi,Bangalore,8050261423,2023-10-22
375,Dhruv Ramesh,Hyderabad,7751180729,2023-07-10
376,Fateh Korpal,Hyderabad,6601290449,2024-02-03
377,Priyansh Sibal,Bangalore,7888250665,2023-01-14
378,Yasmin Ghose,Delhi,8717533576,2023-04-21
379,Riya Sarin,Hyderabad,7083464041,2024-09-25
380,Piya Handa,Patna,9293284815,2024-07-06
381,Gokul Dar,Kolkata,8655067148,2023-01-16
382,Manikya Sane,Mumbai,9188196582,2023-12-12
383,Sahil Kuruvilla,Mumbai,6959250987,2025-01-04
384,Devansh Kalita,Mumbai,6249247673,2024-07-09
385,Aaina Ramakrishnan,Chennai,8914026783,2023-07-19
386,Ela Cheema,Hyderabad,7715924033,2023-06-27
387,Eshani Tak,Delhi,6501668642,2024-03-26
388,Oorja Batra,Hyderabad,8491929094,2023-03-11
389,Emir Shan,Bangalore,9815639968,2024-12-13
390,Ritvik Char,Delhi,6795759736,2025-04-28
391,Rohan Bhandari,Patna,9471579945,2024-01-11
392,Zeeshan Goel,Kolkata,7532179088,2023-04-09
393,Samarth Walla,Delhi,8079961148,2023-07-14
394,Rasha Andra,Bangalore,7937464124,2023-10-22
395,Hunar Chhabra,Hyderabad,7901591538,2024-02-04
396,Aarna Jaggi,Delhi,8821429739,2023-07-03
397,Aradhya Chakraborty,Pune,7594395290,2025-04-01
398,Madhav Agrawal,Hyderabad,8366110964,2023-01-23
399,Kismat Soman,Chennai,9801121992,2024-08-01
400,Shalv Acharya,Chennai,7256898369,2023-06-21
401,Nehmat Tailor,Delhi,7483430899,2024-04-30
402,Rhea Chokshi,Patna,6245830827,2023-11-18
403,Kimaya Kakar,Bangalore,6641774892,2023-04-10
404,Indrans Arya,Patna,9228760935,2023-05-11
405,Fateh Rajan,Chennai,7579295819,2025-04-10
406,Samaira Tak,Patna,8462560620,2024-12-31
407,Advika Upadhyay,Kolkata,8799472396,2023-07-21
408,Nirvaan Dara,Patna,9828177390,2023-07-29
409,Madhup Tata,Mumbai,7607373052,2023-03-17
410,Lakshit Sharma,Mumbai,6187326233,2023-01-05
411,Miraan Dutta,Kolkata,6567507566,2024-01-05
412,Nehmat Lanka,Patna,6716398614,2023-05-13
413,Fateh Venkatesh,Kolkata,8563716320,2024-01-01
414,Aaina Sant,Patna,6394707443,2023-07-15
415,Krish Saran,Delhi,8059350228,2024-04-04
416,Saanvi Dass,Hyderabad,7884228067,2024-08-21
417,Navya Khatri,Delhi,9978595874,2025-01-27
418,Kaira Chatterjee,Bangalore,8228378935,2024-12-04
419,Ela Chakraborty,Mumbai,6958659767,2025-01-31
420,Hansh Sathe,Mumbai,8897320020,2024-03-27
421,Aarav Khalsa,Pune,6469648466,2024-04-26
422,Hrishita Setty,Chennai,6929438161,2025-01-03
423,Saanvi Wason,Pune,8443608837,2025-02-01
424,Himmat Butala,Hyderabad,6979453365,2023-12-19
425,Drishya Dar,Kolkata,9738622269,2023-10-16
426,Dishani Din,Pune,7058386425,2023-07-18
427,Manjari Kumar,Chennai,8454267024,2024-09-05
428,Rohan Dani,Chennai,6788903595,2024-12-10
429,Jayant Samra,Pune,8533393692,2025-02-06
430,Biju Chandra,Patna,8839302781,2024-12-24
431,Veer Choudhury,Hyderabad,9887878032,2023-09-17
432,Hunar D’Alia,Hyderabad,6624292778,2024-05-04
433,Saanvi Kara,Kolkata,8278229301,2023-06-16
434,Rhea Raja,Kolkata,7690261979,2023-01-01
435,Divij Dhaliwal,Delhi,9343142904,2024-03-03
436,Fateh Guha,Patna,7198773853,2023-03-22
437,Drishya Manda,Pune,6832826021,2023-11-15
438,Divit Babu,Delhi,9753406867,2023-10-11
439,Yuvaan Dixit,Pune,9287855062,2025-03-24
440,Riaan Kamdar,Delhi,6333434992,2024-02-29
441,Miraan Zachariah,Hyderabad,7214421803,2023-12-05
442,Yuvaan Acharya,Mumbai,8476231763,2023-07-02
443,Mohanlal Vig,Delhi,7646463416,2024-07-25
444,Madhup Gola,Pune,7202642794,2024-07-27
445,Vedika Aggarwal,Delhi,6249435468,2023-01-09
446,Mohanlal Goswami,Mumbai,9697112591,2023-01-07
447,Misha Bava,Chennai,7370740118,2024-05-07
448,Kimaya Kanda,Mumbai,6145310818,2024-01-14
449,Vedika Swamy,Chennai,7659607569,2023-10-07
450,Yuvaan Acharya,Patna,7357412953,2024-09-22
451,Saksham Loyal,Chennai,7439213509,2023-12-06
452,Anika Vaidya,Patna,7139332716,2023-03-24
453,Riaan Choudhury,Delhi,8105789524,2024-05-22
454,Arhaan Bose,Hyderabad,9465019866,2024-09-14
455,Vihaan Dua,Patna,6208150354,2024-12-16
456,Emir Bhatnagar,Patna,8099384531,2023-09-12
457,Nirvi Zachariah,Delhi,7897058821,2024-09-16
458,Drishya Deol,Hyderabad,6424257698,2023-07-29
459,Dhanush Bose,Pune,6573249127,2024-05-01
460,Samarth Barman,Bangalore,6686461977,2024-09-26
461,Damini Shan,Patna,9588072003,2023-03-03
462,Fateh Bath,Mumbai,8453034723,2025-03-30
463,Advik Sethi,Delhi,6397718068,2023-11-18
464,Raghav Kapoor,Bangalore,7267846453,2024-03-07
465,Biju Khalsa,Hyderabad,8637369834,2023-09-16
466,Piya Iyengar,Mumbai,7764345296,2023-05-21
467,Aarna Sathe,Patna,9486590299,2023-07-20
468,Emir Lalla,Pune,8785318049,2024-12-27
469,Sana Tella,Patna,9931854661,2023-10-10
470,Keya Chopra,Patna,7357548335,2023-06-14
471,Adah Gopal,Patna,9659424729,2023-02-13
472,Samiha Solanki,Delhi,9770449912,2023-02-12
473,Parinaaz Lal,Delhi,8565956141,2024-09-15
474,Jayesh Balasubramanian,Delhi,6334333508,2024-01-23
475,Vihaan Bhasin,Bangalore,8042903428,2023-12-31
476,Kavya Dar,Bangalore,6520617058,2024-07-20
477,Samaira Ranganathan,Pune,6837520553,2024-03-30
478,Dhanuk Shenoy,Patna,7358854655,2023-01-25
479,Rania Saini,Bangalore,6351694215,2023-08-26
480,Indrans Saraf,Patna,8307212778,2024-12-29
481,Hrishita Venkatesh,Mumbai,6679040147,2024-03-20
482,Yakshit Solanki,Hyderabad,6017037823,2023-06-09
483,Aarna Bal,Pune,9073511517,2025-01-03
484,Sara Sami,Delhi,8362795156,2023-07-11
485,Farhan Date,Chennai,9241716929,2023-06-23
486,Damini Chaudhuri,Chennai,6502073621,2023-12-04
487,Tiya Bhasin,Bangalore,8412027820,2023-07-14
488,Tiya Bhattacharyya,Chennai,8456924349,2023-02-16
489,Nirvaan Bal,Delhi,8810127380,2025-02-07
490,Faiyaz Arya,Mumbai,8121566484,2025-04-12
491,Jivin Baral,Bangalore,8408893112,2024-10-27
492,Prerak Venkatesh,Delhi,6789530758,2024-10-31
493,Navya Balasubramanian,Chennai,8840295598,2024-06-10
494,Veer Bose,Patna,9606605096,2023-07-19
495,Onkar Roy,Kolkata,9579864075,2025-01-15
496,Vivaan Devan,Patna,8117789577,2023-07-19
497,Stuvan Grover,Bangalore,6237104070,2025-03-26
498,Hazel Dhingra,Pune,6362247719,2023-06-13
499,Heer Deol,Mumbai,9365507337,2023-11-07
500,Romil Dutt,Kolkata,7544907368,2025-04-04
501,Drishya Shan,Delhi,7182117012,2025-01-31
502,Kiaan Varty,Hyderabad,9287348993,2024-12-26
503,Parinaaz Date,Delhi,8425865686,2023-08-06
504,Anya Chandra,Bangalore,8500619183,2025-04-18
505,Lakshit Kapadia,Chennai,8504984971,2024-04-07
506,Shayak Sangha,Kolkata,8219685715,2023-11-05
507,Gatik Gade,Hyderabad,9381541845,2023-08-05
508,Vanya Majumdar,Bangalore,7328661569,2024-11-25
509,Fateh Seshadri,Delhi,9937988277,2023-12-26
510,Arhaan Gaba,Chennai,9872709342,2024-01-05
511,Nishith Krishna,Hyderabad,8808260570,2023-12-16
512,Myra Halder,Chennai,9723974509,2024-07-16
513,Hridaan Dyal,Delhi,9950013001,2025-04-28
514,Nirvi Vasa,Patna,8984209909,2023-08-26
515,Advik Kibe,Hyderabad,9701009346,2024-08-20
516,Yuvaan Swaminathan,Delhi,7854304138,2024-03-26
517,Purab Wable,Hyderabad,8716785768,2024-12-04
518,Indranil Chopra,Kolkata,7521312475,2024-01-08
519,Dharmajan Lad,Chennai,7220466089,2024-05-06
520,Chirag Anne,Pune,8414112021,2023-02-26
521,Lagan Ramakrishnan,Patna,6619372101,2024-12-14
522,Urvi Ahuja,Bangalore,9891646292,2023-04-02
523,Himmat Sule,Kolkata,9609064108,2024-05-04
524,Mehul Lanka,Pune,8201167295,2023-12-13
525,Biju Doctor,Kolkata,6384344178,2024-11-24
526,Misha Rajagopal,Chennai,7761503013,2024-05-29
527,Sana Mani,Pune,8464749520,2025-01-27
528,Samarth Bera,Chennai,8388012863,2024-03-01
529,Charvi Sachar,Mumbai,6022930087,2023-03-30
530,Purab Yadav,Chennai,8888558397,2024-06-28
531,Kiaan Bava,Kolkata,7172551658,2025-03-27
532,Nitara Karpe,Kolkata,8875316814,2023-11-22
533,Tara Chatterjee,Patna,7374625340,2024-06-04
534,Pari Bhakta,Kolkata,7625713401,2024-07-27
535,Nirvaan Guha,Delhi,7726721754,2024-03-13
536,Saksham Sangha,Hyderabad,8770694925,2024-11-01
537,Heer Ram,Bangalore,8529631356,2023-04-18
538,Saksham Vala,Delhi,8580712868,2025-02-19
539,Vihaan Samra,Pune,7360243450,2024-06-02
540,Nakul Hegde,Patna,8506306963,2025-04-11
541,Manikya Mangat,Bangalore,9548319795,2025-01-22
542,Aarav Dhaliwal,Pune,6639783311,2023-06-16
543,Sara Bumb,Chennai,7292275048,2023-09-28
544,Sahil Bobal,Kolkata,9522833710,2025-01-31
545,Dharmajan Jain,Hyderabad,7993804247,2024-08-28
546,Neelofar Swaminathan,Patna,7254489298,2024-09-27
547,Nishith Kari,Bangalore,6793997690,2023-05-12
548,Jhanvi Kulkarni,Patna,9607336090,2023-10-26
549,Ehsaan Raja,Bangalore,7909473788,2025-04-27
550,Nitara Goda,Mumbai,6144944816,2024-07-18
551,Stuvan Shankar,Mumbai,9586731466,2023-01-01
552,Rania Kapur,Delhi,9032163839,2025-02-12
553,Hridaan Saraf,Patna,6958994796,2023-03-19
554,Tiya Choudhury,Delhi,8445207485,2023-06-30
555,Ritvik Bala,Kolkata,7381283784,2024-07-01
556,Shayak Chakraborty,Patna,9439056284,2024-04-11
557,Shray Sama,Bangalore,7346059849,2024-09-05
558,Farhan Bora,Patna,6570500835,2023-02-24
559,Samiha Sagar,Mumbai,9923481509,2024-11-28
560,Tanya Karan,Delhi,9500482228,2024-11-25
561,Manjari Borde,Hyderabad,9018186921,2024-06-16
562,Lavanya Comar,Mumbai,6988515160,2024-09-01
563,Samar Warrior,Chennai,7005289348,2023-01-31
564,Purab Ramakrishnan,Mumbai,9321264792,2023-12-31
565,Aarav Chhabra,Mumbai,9428703793,2024-12-09
566,Keya Gara,Kolkata,8385063668,2024-10-01
567,Anya Singhal,Hyderabad,8972696968,2024-04-07
568,Ahana  Cheema,Chennai,8977772588,2024-11-23
569,Hunar Deo,Hyderabad,9486922069,2023-01-05
570,Adah Sem,Bangalore,9373460573,2024-09-17
571,Manikya Keer,Chennai,7347682802,2024-11-15
572,Vihaan Rajan,Pune,8279352685,2023-06-03
573,Arhaan Krishna,Pune,9373453273,2025-03-28
574,Reyansh Kari,Chennai,9300959280,2023-04-21
575,Gokul Seth,Bangalore,9652236187,2023-12-17
576,Himmat Garg,Hyderabad,9418053303,2024-10-20
577,Hiran Dayal,Kolkata,6184758288,2023-05-01
578,Prisha Malhotra,Hyderabad,6902125361,2023-06-01
579,Emir Konda,Pune,7265337273,2023-04-30
580,Prisha Kaur,Kolkata,6510619261,2024-04-03
581,Yuvraj  Trivedi,Chennai,9315436441,2023-01-12
582,Kavya Setty,Bangalore,6135552674,2024-05-11
583,Onkar Sem,Hyderabad,9863666561,2023-03-09
584,Taimur Vyas,Bangalore,7204740106,2023-10-13
585,Prerak Andra,Hyderabad,6982634661,2025-02-27
586,Lakshit Chopra,Mumbai,7158833483,2024-01-21
587,Raunak Reddy,Patna,8224397750,2024-09-27
588,Drishya Acharya,Chennai,9373555188,2023-02-23
589,Samiha Sunder,Kolkata,6716839481,2024-04-16
590,Kismat Kalla,Hyderabad,7659973691,2023-10-06
591,Indrans Kohli,Chennai,8232489385,2023-10-10
592,Alia Sibal,Bangalore,9674544045,2024-12-09
593,Ayesha Devan,Mumbai,7461626278,2023-01-27
594,Renee Shere,Kolkata,8103026400,2024-04-25
595,Anya Sankaran,Chennai,8705887413,2024-06-26
596,Hiran Sami,Pune,7307000508,2024-05-16
597,Rohan Agrawal,Bangalore,8569860595,2024-06-24
598,Samaira Mahajan,Patna,8792351303,2024-06-15
599,Kaira Chad,Bangalore,6293332970,2023-03-15
600,Raghav Kalla,Pune,9159332072,2024-09-29
601,Hrishita Solanki,Delhi,9439585951,2023-03-09
602,Vritika Toor,Kolkata,7157364116,2023-09-18
603,Rohan Singhal,Mumbai,7460034025,2023-02-12
604,Purab Borde,Pune,9489056552,2024-04-08
605,Aarna Goda,Mumbai,8704405777,2024-07-16
606,Divit Ganguly,Hyderabad,9901488804,2024-11-03
607,Devansh Wason,Patna,8757596030,2023-05-31
608,Biju Lata,Hyderabad,8286551944,2024-04-20
609,Faiyaz Handa,Mumbai,9929936731,2024-04-24
610,Madhav Agarwal,Hyderabad,7182712777,2023-06-12
611,Ela Grover,Bangalore,7461650085,2024-06-26
612,Nirvi Mangal,Hyderabad,6505506407,2025-03-16
613,Prisha Gola,Delhi,8346976289,2023-03-02
614,Jhanvi Bajaj,Mumbai,9376433145,2023-06-18
615,Nakul Chahal,Hyderabad,7829261496,2024-11-26
616,Stuvan Deshpande,Chennai,6544301379,2024-08-01
617,Hunar Gour,Chennai,6647706380,2023-11-16
618,Zara Uppal,Delhi,8216036988,2024-01-17
619,Anvi Deshpande,Pune,8536889558,2025-01-02
620,Yasmin Rout,Mumbai,8490590558,2023-07-29
621,Kabir Devi,Hyderabad,8624838644,2023-05-21
622,Gatik Lala,Mumbai,8814393483,2024-05-19
623,Shayak Rout,Chennai,9147136450,2024-10-06
624,Sara Randhawa,Mumbai,9342781532,2024-11-07
625,Kaira Butala,Chennai,9872715393,2023-06-04
626,Tejas Sagar,Patna,9307779189,2024-12-17
627,Vedika Bera,Chennai,7216083715,2024-09-24
628,Anahita Batra,Pune,8974835398,2023-08-13
629,Anya Bali,Patna,9503581804,2024-02-17
630,Oorja Srinivasan,Bangalore,9268932593,2024-06-16
631,Eshani Hari,Hyderabad,7250434412,2023-04-07
632,Badal Hans,Chennai,6449867993,2024-08-24
633,Kismat Dhillon,Kolkata,9840930136,2024-10-03
634,Nirvaan Bose,Bangalore,7033551538,2023-09-26
635,Jivika Chanda,Mumbai,7315239458,2023-03-02
636,Nitara Bhatt,Kolkata,6641805065,2025-01-17
637,Samaira Vig,Mumbai,8809108917,2025-01-07
638,Gokul Reddy,Bangalore,6460330174,2023-10-06
639,Bhavin Rama,Hyderabad,7952305787,2024-01-12
640,Ela Tella,Delhi,7401178043,2023-03-01
641,Arhaan Iyengar,Delhi,9373191720,2023-10-04
642,Tanya Hegde,Hyderabad,8503567479,2024-09-17
643,Ira Kulkarni,Hyderabad,9298115160,2024-11-28
644,Armaan Yadav,Bangalore,9604310958,2023-09-17
645,Yakshit Sangha,Kolkata,9255587943,2023-03-07
646,Gokul Aggarwal,Chennai,8934644439,2024-06-03
647,Suhana Toor,Hyderabad,6060021768,2023-07-15
648,Vritika Saran,Chennai,6665454549,2023-08-28
649,Eva Bail,Bangalore,7615915105,2024-03-25
650,Devansh Soman,Pune,7345401520,2024-09-12
651,Amani Lata,Kolkata,7513807747,2024-05-02
652,Charvi Bhat,Mumbai,8133010780,2024-04-21
653,Aaina Hora,Chennai,6870596422,2023-01-05
654,Mishti Sule,Bangalore,8112212930,2023-04-14
655,Rhea Vohra,Mumbai,6160067899,2024-12-21
656,Ryan Tella,Kolkata,6310513759,2024-06-04
657,Ehsaan Gola,Chennai,6280548088,2023-04-20
658,Alia Suri,Patna,6874001751,2023-04-17
659,Hiran Sami,Hyderabad,8256293111,2024-03-18
660,Indrans Dyal,Hyderabad,7941705038,2025-01-03
661,Shayak Gera,Bangalore,7246430675,2024-11-04
662,Ishita Sawhney,Hyderabad,6304520930,2025-02-17
663,Kimaya Kibe,Bangalore,7844519992,2024-04-12
664,Hazel Kunda,Hyderabad,6734486271,2024-05-02
665,Mamooty Salvi,Chennai,6887388611,2024-02-27
666,Kiara Chandra,Kolkata,6446854483,2023-09-16
667,Anvi Goswami,Bangalore,6243510938,2023-03-20
668,Lakshit Hora,Pune,7012895473,2025-03-27
669,Umang Balan,Pune,6601202117,2024-06-05
670,Nishith Bala,Hyderabad,6127982386,2025-03-26
671,Advik Shroff,Hyderabad,9204269464,2024-04-19
672,Reyansh Wali,Pune,6804250431,2023-06-08
673,Divyansh Salvi,Patna,6663158415,2024-12-07
674,Tiya Bora,Mumbai,7632218072,2024-11-17
675,Khushi Dora,Delhi,6646734172,2025-03-26
676,Shalv Kashyap,Hyderabad,8453823090,2024-05-03
677,Tiya Choudhry,Patna,7391225957,2023-01-10
678,Anya Sabharwal,Bangalore,9356669628,2023-08-09
679,Pihu Gera,Patna,6011888372,2023-08-22
680,Jhanvi Ramesh,Patna,8143094429,2025-04-01
681,Jhanvi Apte,Patna,7567286929,2023-03-14
682,Rania Dada,Patna,6076358283,2023-02-13
683,Parinaaz Dar,Patna,6204230931,2023-07-31
684,Dhanush Mangat,Hyderabad,7930764817,2023-06-08
685,Nirvaan Bhat,Kolkata,8321008844,2024-04-01
686,Arnav Banik,Chennai,8138775949,2024-03-17
687,Arnav Kant,Hyderabad,6039648431,2024-10-18
688,Anay Dass,Patna,7181735612,2023-10-01
689,Navya Sahni,Chennai,9156516799,2023-03-09
690,Tushar Sarkar,Pune,8087342286,2024-10-28
691,Saksham Gala,Kolkata,7642142078,2023-02-13
692,Dishani Buch,Delhi,9328500243,2023-11-09
693,Jayant Saxena,Mumbai,7792477915,2023-10-08
694,Indranil Khare,Patna,6780859791,2023-09-03
695,Alia Ram,Patna,7502841079,2024-09-09
696,Misha Randhawa,Pune,7046925605,2024-06-25
697,Aarush Choudhry,Mumbai,9946612300,2023-04-10
698,Jhanvi Contractor,Delhi,6915198607,2025-04-19
699,Vivaan Khurana,Kolkata,7034214836,2025-02-07
700,Baiju Varughese,Hyderabad,9711108149,2025-04-13
701,Kiara D’Alia,Bangalore,9680094211,2024-07-14
702,Kashvi Bobal,Mumbai,6559837688,2024-11-25
703,Taimur Varughese,Pune,9546323092,2024-06-21
704,Aayush Tella,Chennai,6458095581,2024-10-28
705,Shray Shetty,Kolkata,7697832253,2024-07-30
706,Pari Hegde,Delhi,8105758084,2023-03-17
707,Kiara Dar,Mumbai,7841282926,2023-12-17
708,Saksham Bajaj,Bangalore,8460345955,2024-04-01
709,Shamik Dugar,Mumbai,6542878831,2024-10-27
710,Advik Devi,Delhi,8532398578,2023-09-11
711,Shanaya Kaul,Delhi,9230347012,2024-09-09
712,Bhamini Raval,Bangalore,7436768809,2023-10-16
713,Fateh Ranganathan,Patna,7928349953,2025-03-07
714,Vivaan Ramaswamy,Pune,6794845337,2024-01-07
715,Aarna Kade,Delhi,6723139763,2024-07-22
716,Urvi Bhat,Pune,7558334922,2025-03-02
717,Samar Kakar,Pune,8971984816,2025-03-14
718,Ojas Dani,Delhi,6634450768,2023-10-07
719,Bhavin Balakrishnan,Kolkata,9367727373,2023-06-04
720,Purab Bera,Kolkata,7134042148,2024-09-21
721,Aarush Khanna,Bangalore,7635160980,2024-12-26
722,Hazel Chacko,Hyderabad,8260900654,2024-02-19
723,Lakshay Choudhary,Chennai,7886100442,2024-04-25
724,Anika Khosla,Kolkata,6036349299,2025-02-08
725,Divyansh Dara,Mumbai,7246890289,2023-03-18
726,Kiaan Kalla,Pune,8704639762,2025-01-18
727,Jayesh Butala,Mumbai,6362040337,2023-01-26
728,Tarini Amble,Chennai,8689701515,2024-06-07
729,Jayesh Ahluwalia,Bangalore,8572457979,2023-04-08
730,Vidur Som,Chennai,7632262274,2024-10-12
731,Drishya Balasubramanian,Kolkata,7572361550,2024-12-05
732,Pranay Chada,Kolkata,7750886425,2023-09-13
733,Tara Bhatt,Hyderabad,9675205855,2023-02-27
734,Jayant De,Kolkata,7912551642,2024-09-18
735,Taran Ghosh,Patna,9584720051,2023-06-17
736,Nayantara Bhatia,Chennai,6327513738,2024-11-21
737,Aarav Madan,Pune,7498368863,2024-05-02
738,Ivana Kota,Chennai,7147797657,2024-04-18
739,Jiya Chatterjee,Delhi,9295728261,2023-05-14
740,Dharmajan Karnik,Pune,6922461795,2023-10-07
741,Heer Chaudhary,Kolkata,6021531890,2023-08-31
742,Dhanuk Agate,Bangalore,6788312445,2024-03-12
743,Suhana Ramaswamy,Pune,9048005771,2024-05-23
744,Aaina Goda,Bangalore,6390904509,2025-02-21
745,Aarush Aurora,Hyderabad,8923395189,2023-07-08
746,Elakshi Bir,Pune,7418796515,2024-05-29
747,Ishita Chokshi,Delhi,6346238703,2025-01-14
748,Shayak Wali,Hyderabad,9594300902,2024-10-09
749,Lavanya Rama,Chennai,9868939117,2024-08-20
750,Nishith Tandon,Chennai,6666443802,2024-10-05
751,Taimur Hora,Kolkata,6106814201,2023-12-11
752,Badal Kashyap,Chennai,7095343214,2024-03-22
753,Lagan Sahni,Chennai,6843563161,2024-11-09
754,Sumer Karpe,Hyderabad,9266037029,2024-05-20
755,Madhav Dara,Pune,6649071336,2023-07-06
756,Lagan Sant,Hyderabad,9764824225,2023-04-06
757,Seher Rama,Patna,8655669879,2024-06-25
758,Veer Kota,Bangalore,6228702527,2023-01-19
759,Rania Gokhale,Patna,6959365963,2024-10-31
760,Sara Dar,Kolkata,7968392993,2024-01-23
761,Fateh Zacharia,Mumbai,6025282864,2023-10-11
762,Devansh Krishnan,Patna,8982802602,2023-12-12
763,Adah Karnik,Kolkata,6018914977,2023-11-07
764,Uthkarsh Ramaswamy,Pune,9938496055,2024-09-01
765,Vardaniya Goswami,Patna,7548595300,2025-03-15
766,Anika Dasgupta,Chennai,8443598213,2024-04-18
767,Aaina Saraf,Pune,8399499785,2025-03-14
768,Pihu Subramanian,Bangalore,9238487385,2023-09-02
769,Vidur Dhar,Pune,6211562757,2023-12-16
770,Aaina Batta,Chennai,8020144334,2024-06-20
771,Dhanuk Karpe,Patna,9968996381,2024-02-19
772,Drishya Varghese,Chennai,6338502842,2024-09-25
773,Manjari Dixit,Pune,9474065218,2025-04-26
774,Divyansh Tara,Patna,8992715519,2023-12-20
775,Anvi Dass,Pune,7828326018,2023-09-05
776,Parinaaz Kapoor,Hyderabad,7999305586,2024-01-07
777,Azad Bal,Bangalore,6959394012,2024-10-15
778,Vanya Dube,Chennai,8968970709,2023-04-09
779,Misha Bava,Chennai,9751397439,2024-09-15
780,Seher Grewal,Kolkata,8341986951,2024-10-01
781,Prerak Varghese,Mumbai,6431431340,2024-11-17
782,Kavya Bajaj,Bangalore,9994829794,2024-10-01
783,Purab Sha,Hyderabad,7937365185,2023-12-20
784,Tara Uppal,Patna,6243133726,2024-10-06
785,Akarsh Majumdar,Pune,6349933878,2024-07-28
786,Purab Rao,Hyderabad,8392646126,2024-09-21
787,Umang Issac,Delhi,8714336679,2023-12-14
788,Renee Sharma,Hyderabad,9662053460,2024-05-11
789,Vritika Chowdhury,Kolkata,9091502067,2024-05-05
790,Kismat Ahluwalia,Pune,9595548944,2024-12-30
791,Tushar Vora,Mumbai,8130748671,2024-10-25
792,Pranay Bahri,Kolkata,8643602777,2023-05-19
793,Zara Dhar,Patna,6370319990,2023-12-09
794,Samarth Chowdhury,Hyderabad,8984215962,2023-10-24
795,Vihaan Sura,Chennai,8194682930,2023-01-08
796,Prisha Sangha,Kolkata,7668329157,2023-06-11
797,Vardaniya Amble,Patna,6169368498,2024-12-22
798,Neelofar Srivastava,Kolkata,9837455661,2023-02-17
799,Tiya Sheth,Patna,7185545663,2023-10-31
800,Jhanvi Saha,Bangalore,6344069099,2024-04-19
801,Nakul Borde,Patna,7046413360,2023-08-03
802,Anahita Bath,Delhi,8316647049,2023-03-02
803,Prisha Issac,Hyderabad,9598681705,2025-03-14
804,Keya Basak,Delhi,7755832481,2023-04-17
805,Ivana Kala,Bangalore,7117461498,2024-04-23
806,Rasha Baral,Pune,6928985825,2024-01-19
807,Raunak Bhatia,Patna,6352820414,2024-08-23
808,Krish Mangat,Pune,8961648362,2023-12-07
809,Arnav Walia,Delhi,9335112785,2023-02-24
810,Anay Chad,Kolkata,9048845077,2025-03-25
811,Keya Choudhury,Hyderabad,6190664897,2024-02-27
812,Heer Bawa,Kolkata,8269025275,2023-07-24
813,Suhana Madan,Chennai,8448054524,2023-05-23
814,Jayesh Gaba,Patna,7915371968,2025-02-11
815,Eshani Goel,Kolkata,8224050641,2025-04-06
816,Taran Kale,Delhi,6367143301,2024-03-26
817,Rati Thaman,Patna,8930283073,2023-05-13
818,Kimaya Kadakia,Patna,6452468619,2024-07-25
819,Urvi Karnik,Hyderabad,9039952076,2023-03-09
820,Advika Comar,Mumbai,8169222838,2025-01-21
821,Yasmin Iyer,Pune,8550179711,2025-03-06
822,Kaira Cherian,Delhi,7691168242,2023-01-07
823,Nirvaan Sundaram,Mumbai,6167717954,2023-10-30
824,Himmat Cheema,Kolkata,7908098796,2024-04-24
825,Miraya Deshmukh,Patna,7715481452,2024-06-22
826,Pranay Bansal,Kolkata,9643219223,2024-04-20
827,Vidur Mallick,Pune,6175422856,2024-01-13
828,Gatik Bains,Bangalore,6238618936,2025-01-05
829,Mahika Virk,Mumbai,9977155566,2023-08-22
830,Vivaan Chatterjee,Bangalore,6739668205,2023-05-23
831,Lakshay Sharaf,Hyderabad,6508856715,2023-09-29
832,Kiara Khurana,Chennai,7416846381,2024-01-31
833,Saanvi Anand,Chennai,6089294264,2023-08-24
834,Tanya Ratta,Chennai,9145351020,2024-12-05
835,Charvi Jain,Kolkata,7762488550,2023-05-30
836,Anahi Bhatti,Mumbai,9596689074,2023-06-13
837,Bhavin Bala,Mumbai,8203361282,2024-05-28
838,Tara Sengupta,Delhi,6009974330,2024-01-06
839,Charvi Bansal,Mumbai,6950180186,2023-08-07
840,Prisha Ramakrishnan,Patna,7629886194,2024-07-10
841,Ivana Bassi,Mumbai,7869770013,2024-01-28
842,Anahita Swamy,Pune,6629519326,2023-08-23
843,Lagan Ratti,Bangalore,8316738575,2024-08-24
844,Aarna Bakshi,Mumbai,6934464576,2025-04-06
845,Umang Kashyap,Bangalore,9571677383,2023-05-06
846,Hansh Dass,Bangalore,9311656561,2025-02-06
847,Mohanlal Goel,Mumbai,9983441691,2023-06-13
848,Taimur Ghose,Pune,9379806311,2024-06-10
849,Himmat Kurian,Patna,6423670639,2024-02-06
850,Suhana Jaggi,Patna,6733059014,2024-12-03
851,Dhruv Dada,Hyderabad,7191175740,2024-04-11
852,Nirvaan Samra,Delhi,9416922150,2024-06-11
853,Purab Chatterjee,Bangalore,9658101009,2025-03-14
854,Misha Sibal,Bangalore,9203804290,2025-01-01
855,Chirag Dhar,Chennai,8090216218,2023-07-13
856,Riaan Bhatia,Chennai,6262802371,2025-03-23
857,Nitara Sharaf,Kolkata,6303173353,2024-07-13
858,Misha Gill,Kolkata,7229405632,2023-07-20
859,Priyansh Ganguly,Mumbai,8255272240,2023-04-09
860,Anahita Date,Pune,7950863384,2023-12-06
861,Anahi Swamy,Kolkata,9699023906,2024-06-09
862,Hiran Sastry,Chennai,8854739898,2023-02-07
863,Aarush Bhat,Hyderabad,6406131584,2023-04-22
864,Anahita Dubey,Bangalore,8440473321,2023-12-26
865,Faiyaz Dutta,Mumbai,9737330262,2023-01-13
866,Anahi Choudhry,Mumbai,7813418400,2024-04-17
867,Aaryahi Anne,Pune,9822381534,2023-08-19
868,Rania Hans,Pune,7934620002,2024-06-26
869,Romil Loke,Mumbai,6565751467,2024-04-02
870,Zeeshan Raman,Hyderabad,9397477411,2024-08-21
871,Divyansh Rout,Mumbai,6959606246,2024-06-19
872,Shayak Gole,Delhi,7918707751,2023-02-11
873,Raghav Dhillon,Pune,7538736500,2024-07-30
874,Prisha Kala,Hyderabad,6253296548,2024-01-28
875,Armaan Saran,Delhi,8754224626,2025-01-24
876,Pranay Ratti,Kolkata,8414164179,2025-03-18
877,Sana Ahuja,Hyderabad,9704742889,2025-02-04
878,Reyansh Chandra,Pune,7777586418,2024-08-03
879,Bhamini Dubey,Mumbai,7901917611,2023-10-14
880,Samar Gole,Patna,7141178279,2023-05-20
881,Amani Arya,Patna,7287044832,2023-02-24
882,Piya Vala,Delhi,9129586572,2024-02-07
883,Armaan Sharma,Mumbai,7096386189,2023-09-22
884,Jivika Bhagat,Bangalore,9016792937,2025-01-09
885,Purab Thaman,Mumbai,6482811559,2024-08-26
886,Mannat Balasubramanian,Kolkata,7644880946,2024-03-22
887,Rati Kaul,Chennai,9102805416,2023-05-20
888,Khushi Golla,Kolkata,8571483748,2024-12-11
889,Nitya Sawhney,Bangalore,6526704132,2023-04-08
890,Urvi Sachdev,Chennai,7289594475,2024-11-27
891,Dharmajan Mani,Delhi,6337833734,2024-10-03
892,Samiha Vala,Hyderabad,9952350268,2025-02-17
893,Aaina Boase,Pune,7248376785,2024-08-10
894,Zeeshan Sha,Pune,9073436879,2024-08-19
895,Jayesh Lall,Chennai,7495683039,2023-07-31
896,Azad Tank,Delhi,8051472445,2025-02-08
897,Samiha Gokhale,Kolkata,9982525758,2023-05-11
898,Hiran Dube,Patna,7106242078,2023-06-27
899,Mamooty Mand,Pune,6161064694,2023-09-15
900,Vaibhav Ganesan,Pune,7050413498,2024-09-08
901,Miraan Bassi,Chennai,9582219833,2023-01-31
902,Ishita Aggarwal,Patna,8575309237,2024-05-20
903,Dishani Bandi,Kolkata,9337615605,2023-08-08
904,Charvi Suri,Delhi,8624861416,2023-05-23
905,Miraya Balay,Pune,7109818613,2025-01-08
906,Vardaniya Choudhury,Kolkata,6528181294,2023-01-24
907,Khushi Kale,Mumbai,7119533101,2023-07-15
908,Keya Khosla,Pune,9914898087,2025-02-24
909,Onkar Kadakia,Chennai,9994219281,2023-03-22
910,Shayak Magar,Bangalore,6087821219,2024-06-22
911,Damini Bala,Pune,6002242820,2023-11-02
912,Shayak Bahl,Patna,6767401506,2023-07-09
913,Yashvi Agarwal,Bangalore,8216842153,2024-12-11
914,Charvi Ganguly,Hyderabad,7571598800,2025-03-11
915,Eshani Sahota,Mumbai,7151366125,2023-03-05
916,Yuvaan Madan,Hyderabad,6567868663,2023-05-13
917,Yakshit Agarwal,Kolkata,7898353682,2023-01-25
918,Anahi Sharma,Chennai,8046507280,2024-12-27
919,Ahana  Yogi,Mumbai,7416093488,2024-03-06
920,Samiha Deshpande,Kolkata,6811744831,2025-03-08
921,Divyansh Sur,Delhi,7795147587,2024-05-05
922,Veer Tak,Kolkata,7630428370,2025-04-12
923,Elakshi Bhatti,Mumbai,7315111174,2024-09-21
924,Oorja Sodhi,Pune,8041553318,2025-04-30
925,Anahita Thakkar,Hyderabad,8344183847,2023-08-13
926,Shalv Som,Patna,8430639456,2023-07-12
927,Sana Hayer,Pune,6098763448,2024-01-06
928,Lakshit Shere,Kolkata,9029820967,2024-01-19
929,Gokul Devi,Mumbai,9702012191,2024-10-09
930,Anay Gopal,Mumbai,8898925501,2023-09-16
931,Ranbir Rege,Delhi,6701637436,2023-11-19
932,Devansh Bath,Patna,9884003771,2025-02-19
933,Manikya Sachdeva,Delhi,6313282196,2025-02-24
934,Nayantara Venkatesh,Chennai,9031724529,2024-09-04
935,Biju Chandra,Delhi,8962216353,2023-05-09
936,Arhaan Behl,Hyderabad,6609807794,2024-10-03
937,Sara Ahuja,Chennai,8926384115,2023-05-02
938,Piya Sharaf,Hyderabad,8072523402,2024-04-03
939,Kismat Dugar,Bangalore,8238104323,2023-03-14
940,Himmat Ramanathan,Bangalore,6392464169,2024-08-06
941,Anaya Kulkarni,Mumbai,9825934138,2024-08-24
942,Alia Rajagopalan,Kolkata,8525713301,2023-10-20
943,Aradhya Chatterjee,Hyderabad,6238700010,2024-01-21
944,Arnav Dhaliwal,Patna,7246288071,2024-06-19
945,Arhaan Date,Pune,9777927515,2024-10-27
946,Tara Thakur,Pune,7662346289,2024-07-23
947,Aradhya Konda,Chennai,7195686776,2024-03-26
948,Nakul Basak,Kolkata,9526168628,2023-01-31
949,Jivika Ray,Delhi,8608739521,2024-08-22
950,Heer Devi,Kolkata,7063635965,2023-03-11
951,Nitya Kulkarni,Kolkata,6608682541,2023-12-11
952,Piya Khosla,Kolkata,7431347382,2024-08-25
953,Charvi Karnik,Patna,9958910053,2023-05-28
954,Anaya Koshy,Kolkata,6487616382,2024-07-16
955,Anay Kumer,Pune,7704075997,2024-05-16
956,Prerak Chandra,Delhi,7359303986,2025-02-20
957,Aarav Wagle,Pune,9563823875,2025-04-20
958,Hridaan Bhagat,Pune,9961188260,2024-03-29
959,Manikya Sama,Chennai,6416154521,2025-03-19
960,Ishita Mahal,Bangalore,6920155746,2023-12-12
961,Shalv Halder,Pune,6950885042,2023-01-26
962,Nitara Gill,Mumbai,7239527249,2023-09-09
963,Ahana  Kaul,Kolkata,6732704057,2023-07-17
964,Manikya Divan,Delhi,7096297833,2023-06-24
965,Jivin Dada,Delhi,6139081165,2024-09-21
966,Tanya Koshy,Hyderabad,9623524475,2024-01-01
967,Anahita Dada,Chennai,7529455987,2025-04-06
968,Jhanvi Chana,Mumbai,6488399865,2023-06-17
969,Aaryahi Shan,Patna,7940374582,2024-05-30
970,Samiha Bhattacharyya,Patna,6886333817,2024-02-15
971,Jivin Sur,Bangalore,8819778759,2025-04-22
972,Bhavin Sehgal,Mumbai,7409286619,2023-04-22
973,Shlok Karnik,Pune,6415585315,2023-12-16
974,Umang Sabharwal,Hyderabad,9250926002,2025-03-05
975,Yuvaan Bhandari,Mumbai,6552179055,2023-02-17
976,Ranbir Gill,Delhi,8072908973,2024-01-23
977,Kimaya Dube,Patna,6416366922,2024-08-14
978,Aarush Suri,Pune,7718813396,2024-09-14
979,Sahil Hegde,Bangalore,8977935186,2023-06-12
980,Ojas Kadakia,Pune,7642531755,2024-11-24
981,Charvi D’Alia,Hyderabad,8016513419,2025-01-06
982,Anvi Dave,Bangalore,9424142440,2023-09-06
983,Manjari Chauhan,Chennai,9688906015,2025-04-22
984,Keya Ramachandran,Bangalore,7139327159,2024-08-12
985,Anahi Mangal,Bangalore,6987670279,2024-08-16
986,Rhea Majumdar,Hyderabad,8532687176,2024-11-22
987,Yuvaan Kata,Pune,9246701756,2024-10-31
988,Kanav Halder,Mumbai,6412674315,2024-01-28
989,Eshani Vora,Bangalore,6534724090,2024-05-17
990,Inaaya  Golla,Bangalore,8496445911,2024-04-13
991,Ivana Rajan,Patna,7480786482,2023-02-24
992,Onkar Sodhi,Mumbai,9641749858,2023-11-09
993,Shlok Karpe,Patna,8344186271,2024-02-08
994,Urvi Gokhale,Chennai,8905961552,2024-06-11
995,Advika Bora,Kolkata,9180547532,2024-05-10
996,Pranay Shroff,Kolkata,9519134460,2025-04-30
997,Lavanya Manne,Hyderabad,8301932564,2024-07-31
998,Anika Vora,Pune,8462240541,2024-03-19
999,Ehsaan Varughese,Hyderabad,7146172004,2024-03-16
1000,Eshani Dewan,Delhi,9478761728,2023-07-28
